{
  "project_info": {
    "project_number": "1093218619087",
    "firebase_url": "https://esaybuy-22541.firebaseio.com",
    "project_id": "esaybuy-22541",
    "storage_bucket": "esaybuy-22541.appspot.com"
  },
  "client": [
    {
      "client_info": {
        "mobilesdk_app_id": "1:1093218619087:android:3c266377ff86e49070b1ba",
        "android_client_info": {
          "package_name": "com.example.easy_buy"
        }
      },
      "oauth_client": [
        {
          "client_id": "1093218619087-6v1l2ooqq1gtc587k5amonaapqa9s31p.apps.googleusercontent.com",
          "client_type": 1,
          "android_info": {
            "package_name": "com.example.easy_buy",
            "certificate_hash": "87c1bf570b805d2215ff4e6a3824709144876132"
          }
        },
        {
          "client_id": "1093218619087-iq657hseq7fthg0j0d1j540tmbdev6h1.apps.googleusercontent.com",
          "client_type": 3
        }
      ],
      "api_key": [
        {
          "current_key": "AIzaSyBR3pa9j-JskjsTIlOA-2XFxZ8MEbNf49s"
        }
      ],
      "services": {
        "appinvite_service": {
          "other_platform_oauth_client": [
            {
              "client_id": "1093218619087-iq657hseq7fthg0j0d1j540tmbdev6h1.apps.googleusercontent.com",
              "client_type": 3
            }
          ]
        }
      }
    }
  ],
  "configuration_version": "1"
}